{
	"format_version": "1.8.0",
	"animations": {
		"animation.chameleon.walk": {
			"loop": true,
			"animation_length": 1,
			"override_previous_animation": true,
			"bones": {
				"Body": {
					"position": {
						"0.0": {
							"vector": [0, 0.2, 0]
						},
						"0.1667": {
							"vector": [0, 0, 0],
							"easing": "easeInQuad"
						},
						"0.5": {
							"vector": [0, 0.2, 0],
							"easing": "easeInOutQuad"
						},
						"0.7083": {
							"vector": [0, 0, 0],
							"easing": "easeInQuad"
						},
						"1.0": {
							"vector": [0, 0.2, 0]
						}
					}
				},
				"Head": {
					"rotation": {
						"0.0": {
							"vector": [0, 0, 0],
							"easing": "linear"
						},
						"0.1667": {
							"vector": [-2.5, 0, 0],
							"easing": "easeOutSine"
						},
						"0.3333": {
							"vector": [0, 0, 0],
							"easing": "easeOutQuad"
						},
						"0.5": {
							"vector": [0, 0, 0]
						},
						"0.6667": {
							"vector": [-2.5, 0, 0],
							"easing": "easeOutSine"
						},
						"0.8333": {
							"vector": [0, 0, 0],
							"easing": "easeOutQuad"
						},
						"1.0": {
							"vector": [0, 0, 0],
							"easing": "linear"
						}
					},
					"position": {
						"vector": [0, 0, 0]
					}
				},
				"RightFrontLeg": {
					"rotation": {
						"0.0": {
							"vector": [0.198, -2.87732, 36.67009]
						},
						"0.25": {
							"vector": [-1.8956, -43.42656, 15.14056],
							"easing": "linear"
						},
						"0.75": {
							"vector": [0, 30, 17.5]
						},
						"1.0": {
							"vector": [0.198, -2.87732, 36.67009]
						}
					}
				},
				"RightFrontLeg2": {
					"rotation": {
						"0.0": {
							"vector": [11.25109, -22.65328, -100.81489]
						},
						"0.1667": {
							"vector": [1.30486, -42.0972, -70.56381]
						},
						"0.8333": {
							"vector": [20, "-", "-110"]
						},
						"1.0": {
							"vector": [11.25109, -22.65328, -100.81489]
						}
					}
				},
				"RightFrontFoot1": {
					"rotation": {
						"0.0": {
							"vector": [31.51277, 24.95503, -23.76099]
						},
						"0.2917": {
							"vector": [35.47961, 19.65464, -31.22419]
						},
						"0.5": {
							"vector": [47.88916, 17.68691, -17.27651]
						},
						"0.75": {
							"vector": [52.40009, 5.14461, -1.2825]
						},
						"1.0": {
							"vector": [31.51277, 24.95503, -23.76099]
						}
					}
				},
				"RightFrontFoot2": {
					"rotation": {
						"0.0": {
							"vector": [30.14382, -12.97361, 28.73558]
						},
						"0.1667": {
							"vector": [27.34518, 15.45695, -20.2296]
						},
						"0.5417": {
							"vector": [29.89114, 1.83762, 4.32463]
						},
						"0.7917": {
							"vector": [28.16795, 12.50896, -15.0347]
						},
						"1.0": {
							"vector": [30.14382, -12.97361, 28.73558]
						}
					}
				},
				"LeftFrontLeg": {
					"rotation": {
						"0.0": {
							"vector": [0, -24, -18.24]
						},
						"0.2917": {
							"vector": [0, 1.48, -33.95]
						},
						"0.625": {
							"vector": [0, 28.5, -9.03],
							"easing": "linear"
						},
						"1.0": {
							"vector": [0, -24, -18.24]
						}
					}
				},
				"LeftFrontLeg2": {
					"rotation": {
						"0.0": {
							"vector": [26.67, 10, 110]
						},
						"0.125": {
							"vector": [20, "-", 110]
						},
						"0.625": {
							"vector": [10.89886, 34.02984, 92.93432],
							"easing": "easeInOutCubic"
						},
						"1.0": {
							"vector": [26.67, 10, 110]
						}
					}
				},
				"LeftFrontFoot1": {
					"rotation": {
						"0.0": {
							"vector": [58.0976, -19.82559, 9.0412]
						},
						"0.2083": {
							"vector": [42.5, 0, -1.5]
						},
						"0.625": {
							"vector": [34.2656, -26.26605, 11.51451],
							"easing": "easeInOutSine"
						},
						"1.0": {
							"vector": [58.0976, -19.82559, 9.0412]
						}
					}
				},
				"LeftFrontFoot2": {
					"rotation": {
						"0.0": {
							"vector": [30, -12.5, -0.83]
						},
						"0.1667": {
							"vector": [30, 0, -2.5]
						},
						"0.4583": {
							"vector": [30, 0, -2.5]
						},
						"0.5833": {
							"vector": [30, -12.19, 1.25]
						},
						"0.7917": {
							"vector": [30, -32.5, 7.5]
						},
						"1.0": {
							"vector": [30, -12.5, -0.83]
						}
					}
				},
				"RightBackLeg": {
					"rotation": {
						"0.0": {
							"vector": [-5, -14.22, 17.5]
						},
						"0.375": {
							"vector": [3.79589, 27.36268, 20.31251]
						},
						"0.75": {
							"vector": [0, -2.94819, 31.70554]
						},
						"1.0": {
							"vector": [-5, -14.22, 17.5]
						}
					}
				},
				"RightBackLeg2": {
					"rotation": {
						"0.0": {
							"vector": [15.63, -8.13, -101.25]
						},
						"0.2917": {
							"vector": [3.28079, 22.06726, -99.35842]
						},
						"0.6667": {
							"vector": [13, "-13++NaN", "-110"],
							"easing": "easeInCubic"
						},
						"0.875": {
							"vector": [25, "-13++NaN", "-97.5++NaN"]
						},
						"1.0": {
							"vector": [15.63, -8.13, -101.25]
						}
					}
				},
				"RightBackFoot1": {
					"rotation": {
						"0.0": {
							"vector": [2.78, 3.94, -8.06]
						},
						"0.2917": {
							"vector": [52.39477, -15.01535, -8.82488],
							"easing": "easeInOutSine"
						},
						"0.5833": {
							"vector": [32.5, 2, 22.5],
							"easing": "easeInOutQuad"
						},
						"1.0": {
							"vector": [2.78, 3.94, -8.06]
						}
					}
				},
				"RightBackFoot2": {
					"rotation": {
						"0.0": {
							"vector": [0, 5, -6.25]
						},
						"0.1667": {
							"vector": [0, 0, 0]
						},
						"0.5833": {
							"vector": [0, 0, 0]
						},
						"0.875": {
							"vector": [0, 10, -12.5]
						},
						"1.0": {
							"vector": [0, 5, -6.25]
						}
					}
				},
				"LeftBackLeg": {
					"rotation": {
						"0.0": {
							"vector": [6.00699, 3.07807, -19.30016]
						},
						"0.1667": {
							"vector": [2.89086, 17.34294, -15.68973],
							"easing": "linear"
						},
						"0.625": {
							"vector": [14.18925, -26.84569, -21.33084]
						},
						"1.0": {
							"vector": [6.00699, 3.07807, -19.30016]
						}
					}
				},
				"LeftBackLeg2": {
					"rotation": {
						"0.0": {
							"vector": [0, 30, 102.5],
							"easing": "easeInOutQuad"
						},
						"0.625": {
							"vector": [0, 0, 107.5]
						},
						"1.0": {
							"vector": [0, 30, 102.5],
							"easing": "easeInOutQuad"
						}
					}
				},
				"LeftBackFoot1": {
					"rotation": {
						"0.0": {
							"vector": [1.72746, -2.49139, -9.73321]
						},
						"0.25": {
							"vector": [5, -11, 7.5],
							"easing": "easeInOutSine"
						},
						"0.625": {
							"vector": [0, 2, 0]
						},
						"1.0": {
							"vector": [1.72746, -2.49139, -9.73321]
						}
					}
				},
				"LeftBackFoot2": {
					"rotation": {
						"0.0": {
							"vector": [0, -10, -2.5]
						},
						"0.1667": {
							"vector": [0, -20, -5],
							"easing": "easeInOutQuad"
						},
						"0.6667": {
							"vector": [0, 0, 0]
						},
						"1.0": {
							"vector": [0, -10, -2.5]
						}
					}
				},
				"Tail": {
					"rotation": {
						"0.0": {
							"vector": [11.07, 0, 0]
						},
						"0.1667": {
							"vector": [12.5, 0, 0]
						},
						"0.3333": {
							"vector": [10, 0, 0],
							"easing": "easeInOutQuad"
						},
						"0.7083": {
							"vector": [12.5, 0, 0]
						},
						"0.875": {
							"vector": [10, 0, 0],
							"easing": "easeInOutQuad"
						},
						"1.0": {
							"vector": [11.07, 0, 0]
						}
					}
				},
				"Tail2": {
					"rotation": {
						"0.0": {
							"vector": [30, 0, 0],
							"easing": "easeInOutQuad"
						},
						"0.2917": {
							"vector": [32.5, 0, 0]
						},
						"0.4583": {
							"vector": [30, 0, 0],
							"easing": "easeInOutQuad"
						},
						"0.8333": {
							"vector": [32.5, 0, 0]
						},
						"1.0": {
							"vector": [30, 0, 0],
							"easing": "easeInOutQuad"
						}
					}
				},
				"Tail3": {
					"rotation": {
						"0.0": {
							"vector": [20, 0, 0]
						},
						"1.0": {
							"vector": [20, 0, 0]
						}
					}
				}
			}
		},
		"animation.chameleon.ride": {
			"loop": true,
			"animation_length": 11,
			"bones": {
				"Body": {
					"rotation": {
						"vector": [-20, 0, 0]
					},
					"position": {
						"vector": [0, 10, 0]
					}
				},
				"Head": {
					"rotation": {
						"vector": [20, 0, 0]
					}
				},
				"RightFrontLeg": {
					"rotation": {
						"vector": [3.61644, -19.6835, -10.62758]
					}
				},
				"RightFrontLeg2": {
					"rotation": {
						"vector": [5, 0, -90]
					}
				},
				"RightFrontFoot1": {
					"rotation": {
						"vector": [-11.59948, 9.57658, -50.97496]
					}
				},
				"LeftFrontLeg": {
					"rotation": {
						"vector": [-0.90956, 19.98015, 19.83978]
					}
				},
				"LeftFrontLeg2": {
					"rotation": {
						"vector": [5, 0, 72.5]
					}
				},
				"LeftFrontFoot1": {
					"rotation": {
						"vector": [0, 0, 72.5]
					}
				},
				"LeftFrontFoot2": {
					"rotation": {
						"vector": [0, 0, 7.5]
					}
				},
				"RightBackLeg": {
					"rotation": {
						"vector": [0, 0, 15]
					}
				},
				"RightBackLeg2": {
					"rotation": {
						"vector": [-5, 0, -105]
					}
				},
				"RightBackFoot1": {
					"rotation": {
						"vector": [0, 0, -87.5]
					}
				},
				"RightBackFoot2": {
					"rotation": {
						"vector": [0, 0, -47.5]
					}
				},
				"LeftBackLeg": {
					"rotation": {
						"vector": [10.82777, -19.84302, -26.89942]
					}
				},
				"LeftBackLeg2": {
					"rotation": {
						"vector": [-5, 0, 130]
					}
				},
				"LeftBackFoot1": {
					"rotation": {
						"vector": [0, 0, 50]
					}
				},
				"LeftBackFoot2": {
					"rotation": {
						"vector": [0, 0, -10]
					}
				},
				"Tail": {
					"rotation": {
						"0.0": {
							"vector": [-21.17283, -18.74724, 7.09597]
						},
						"0.5": {
							"vector": [-21.17283, -18.74724, 7.09597]
						},
						"1.0": {
							"vector": [-12.51754, 2.34914, -0.85553]
						},
						"2.6667": {
							"vector": [-12.51754, 2.34914, -0.85553]
						},
						"3.125": {
							"vector": [27.66871, -24.66679, -14.29244]
						},
						"6.4167": {
							"vector": [27.66871, -24.66679, -14.29244]
						},
						"6.625": {
							"vector": [24.98246, 2.34914, -0.85553]
						},
						"8.5417": {
							"vector": [24.98246, 2.34914, -0.85553]
						},
						"8.8333": {
							"vector": [-21.17283, -18.74724, 7.09597]
						}
					}
				},
				"Tail2": {
					"rotation": {
						"0.0": {
							"vector": [-23.78773, -18.42031, 7.92945]
						},
						"0.625": {
							"vector": [-23.78773, -18.42031, 7.92945]
						},
						"1.125": {
							"vector": [13.23245, 19.37777, 2.99291]
						},
						"2.6667": {
							"vector": [13.23245, 19.37777, 2.99291]
						},
						"2.8333": {
							"vector": [-24.41415, 30.51352, 1.32323]
						},
						"3.125": {
							"vector": [20.80748, 13.02202, 1.91392]
						},
						"3.375": {
							"vector": [21.26744, -17.41573, -9.62505]
						},
						"6.4167": {
							"vector": [21.26744, -17.41573, -9.62505]
						},
						"6.5417": {
							"vector": [23.15478, -27.82264, -14.28572]
						},
						"6.8333": {
							"vector": [20.35457, -5.72505, -5.09966]
						},
						"8.5417": {
							"vector": [20.35457, -5.72505, -5.09966]
						},
						"8.625": {
							"vector": [43.77364, -7.74886, -12.17515]
						},
						"8.8333": {
							"vector": [43.77364, -7.74886, -12.17515]
						},
						"9.0833": {
							"vector": [-23.78773, -18.42031, 7.92945]
						}
					}
				},
				"Tail3": {
					"rotation": {
						"0.0": {
							"vector": [-36.69146, -16.27014, 11.79198]
						},
						"0.7083": {
							"vector": [-36.69146, -16.27014, 11.79198]
						},
						"1.25": {
							"vector": [1.04342, 24.17821, -18.32252]
						},
						"1.5": {
							"vector": [1.04342, 24.17821, -18.32252]
						},
						"1.6667": {
							"vector": [21.04342, 24.17821, -18.32252]
						},
						"2.6667": {
							"vector": [21.04342, 24.17821, -18.32252]
						},
						"2.9583": {
							"vector": [-13.86005, 29.44982, -6.02755]
						},
						"3.25": {
							"vector": [30.62879, 34.37391, 12.56236]
						},
						"3.7083": {
							"vector": [27.62148, -31.91299, -2.37261]
						},
						"5.375": {
							"vector": [27.62148, -31.91299, -2.37261]
						},
						"5.5417": {
							"vector": [10.12148, -31.91299, -2.37261]
						},
						"5.75": {
							"vector": [10.12148, -31.91299, -2.37261]
						},
						"5.875": {
							"vector": [23.40273, -31.91299, -2.37261]
						},
						"6.4167": {
							"vector": [23.40273, -31.91299, -2.37261]
						},
						"6.625": {
							"vector": [32.3692, -39.53299, -13.59169]
						},
						"7.0": {
							"vector": [24.87413, -1.3763, -6.55948]
						},
						"8.5417": {
							"vector": [24.87413, -1.3763, -6.55948]
						},
						"8.8333": {
							"vector": [24.87413, -1.3763, -6.55948]
						},
						"9.375": {
							"vector": [-36.69146, -16.27014, 11.79198]
						}
					}
				},
				"RightFrontFoot2": {
					"rotation": {
						"vector": [0, 0, 2.5]
					}
				}
			}
		}
	}
}