{
	"format_version": "1.8.0",
	"animations": {
		"animation.chameleon.walk": {
			"loop": true,
			"animation_length": 1,
			"override_previous_animation": true,
			"bones": {
				"Body": {
					"position": {
						"0.0": {
							"vector": [0, 0.2, 0]
						},
						"0.1667": {
							"vector": [0, 0.55, 0]
						},
						"0.2917": {
							"vector": [0, 0.3, 0]
						},
						"0.375": {
							"vector": [0, 0.2, 0]
						},
						"0.5": {
							"vector": [0, 0.2, 0]
						},
						"0.6667": {
							"vector": [0, 0.55, 0]
						},
						"0.7917": {
							"vector": [0, 0.3, 0]
						},
						"0.875": {
							"vector": [0, 0.2, 0]
						}
					}
				},
				"RightFrontLeg": {
					"rotation": {
						"0.0": {
							"vector": [0, 30, 17.5]
						},
						"0.125": {
							"vector": [0.099, 13.56134, 27.08504]
						},
						"0.2917": {
							"vector": [0.198, -2.87732, 36.67009]
						},
						"0.5417": {
							"vector": [7.51167, -42.93375, 1.42816]
						},
						"0.6667": {
							"vector": [5.06071, -24.95888, 8.39296]
						},
						"0.75": {
							"vector": [3.7037, -12.92712, 13.39655]
						},
						"0.8333": {
							"vector": [2.99319, -0.80182, 17.73526]
						},
						"1.0": {
							"vector": [0, 30, 17.5]
						}
					}
				},
				"RightFrontLeg2": {
					"rotation": {
						"0.0": {
							"vector": [18.19, -2.9, -108.67]
						},
						"0.125": {
							"vector": [20, "-", "-110"]
						},
						"0.25": {
							"vector": [11.25109, -22.65328, -100.81489]
						},
						"0.4167": {
							"vector": [1.30486, -42.0972, -70.56381]
						},
						"0.5417": {
							"vector": [-19.6407, -41.67456, -67.59213]
						},
						"0.7917": {
							"vector": [15.161, -7.74552, -106.45725]
						},
						"1.0": {
							"vector": [18.19, -2.9, -108.67]
						}
					}
				},
				"RightFrontFoot1": {
					"rotation": {
						"0.0": {
							"vector": [77.01709, 9.09681, -4.36965]
						},
						"0.0833": {
							"vector": [69.27713, 24.17196, -8.06709]
						},
						"0.2083": {
							"vector": [63.50515, 30.91029, -14.92897]
						},
						"0.4583": {
							"vector": [50.92819, 24.05826, -22.48123]
						},
						"0.5417": {
							"vector": [63.63895, 25.33415, -4.66133]
						},
						"0.5833": {
							"vector": [55.2686, 26.07551, -13.97052]
						},
						"0.7917": {
							"vector": [68.22252, 4.42573, -0.79322]
						},
						"1.0": {
							"vector": [77.01709, 9.09681, -4.36965]
						}
					}
				},
				"RightFrontFoot2": {
					"rotation": {
						"0.0": {
							"vector": [29.7, 7.08, -5.14]
						},
						"0.0417": {
							"vector": [29.9958, 6.41399, -3.96471]
						},
						"0.125": {
							"vector": [30.05501, -1.34105, 9.11541]
						},
						"0.25": {
							"vector": [30.14382, -12.97361, 28.73558]
						},
						"0.4167": {
							"vector": [27.34518, 15.45695, -20.2296]
						},
						"0.5417": {
							"vector": [26.10072, 15.48992, -21.18292]
						},
						"0.7917": {
							"vector": [28.23968, 10.39094, -11.04534]
						},
						"1.0": {
							"vector": [29.7, 7.08, -5.14]
						}
					}
				},
				"LeftFrontLeg": {
					"rotation": {
						"0.0": {
							"vector": [4.52055, 37.16447, -2.46116]
						},
						"0.2083": {
							"vector": [0.24729, 23.77528, -13.18786]
						},
						"0.2917": {
							"vector": [0.07228, 10.16069, -15.31763]
						},
						"0.5417": {
							"vector": [-2.2222, -23.90296, -12.76957]
						},
						"0.7917": {
							"vector": [-12.5, 11.48, -33.95]
						},
						"0.9167": {
							"vector": [-10.33922, 27.56696, -23.14499]
						},
						"1.0": {
							"vector": [4.52055, 37.16447, -2.46116]
						}
					}
				},
				"LeftFrontLeg2": {
					"rotation": {
						"0.0": {
							"vector": [-62.4041, 30.50237, 56.73758]
						},
						"0.2917": {
							"vector": [-14.58295, 18.77498, 103.78462]
						},
						"0.5": {
							"vector": [4.90622, 4.02734, 104.567]
						},
						"0.75": {
							"vector": [-8.90127, 15.80271, 85.14326]
						},
						"0.9167": {
							"vector": [-42.00069, 34.91349, 77.70465]
						},
						"1.0": {
							"vector": [-62.4041, 30.50237, 56.73758]
						}
					}
				},
				"LeftFrontFoot1": {
					"rotation": {
						"0.0": {
							"vector": [98.77211, -38.04902, -0.95861]
						},
						"0.4167": {
							"vector": [88.23525, -11.16019, 6.06617]
						},
						"0.5": {
							"vector": [106.11865, -15.09452, 3.59115]
						},
						"0.6667": {
							"vector": [81.87472, -38.68903, 27.1649]
						},
						"0.8333": {
							"vector": [77.86925, -58.83799, 8.4631]
						},
						"0.9167": {
							"vector": [85.98089, -39.66202, -0.24245]
						},
						"1.0": {
							"vector": [98.77211, -38.04902, -0.95861]
						}
					}
				},
				"LeftFrontFoot2": {
					"rotation": {
						"0.0": {
							"vector": [30, -12.5, -0.83]
						},
						"0.1667": {
							"vector": [28.48124, -9.84655, 14.99524]
						},
						"0.4167": {
							"vector": [29.40842, -6.21271, 8.36815]
						},
						"0.625": {
							"vector": [30, -12.19, 1.25]
						},
						"0.8333": {
							"vector": [30, -32.5, 7.5]
						},
						"0.9167": {
							"vector": [30, -20.5, 2.5]
						},
						"1.0": {
							"vector": [30, -12.5, -0.83]
						}
					}
				},
				"RightBackLeg": {
					"rotation": {
						"0.0": {
							"vector": [-4.18956, -24.3869, 15.7173]
						},
						"0.5": {
							"vector": [-2.07491, 42.49616, 11.49204]
						},
						"0.8333": {
							"vector": [-0.32109, 1.73365, 34.38723]
						},
						"1.0": {
							"vector": [-4.18956, -24.3869, 15.7173]
						}
					}
				},
				"RightBackLeg2": {
					"rotation": {
						"0.0": {
							"vector": [10.39018, -7.48596, -102.68435]
						},
						"0.5": {
							"vector": [18.77875, "34.9448++NaN", "-75.1305++NaN"]
						},
						"0.875": {
							"vector": [15.63, -8.13, -101.25]
						},
						"1.0": {
							"vector": [10.39018, -7.48596, -102.68435]
						}
					}
				},
				"RightBackFoot1": {
					"rotation": {
						"0.0": {
							"vector": [59.02088, -7.75677, 1.93318]
						},
						"0.0833": {
							"vector": [64.39848, 0.80415, -12.04792]
						},
						"0.2083": {
							"vector": [68.76179, -5.88709, -12.7111]
						},
						"0.5": {
							"vector": [98.72121, -22.43018, -6.61014]
						},
						"0.5833": {
							"vector": [81.65799, -0.35455, -18.27519]
						},
						"0.7917": {
							"vector": [77.79047, 5.91, -29.2848]
						},
						"0.875": {
							"vector": [61.16142, 6.91933, -17.7596]
						},
						"1.0": {
							"vector": [59.02088, -7.75677, 1.93318]
						}
					}
				},
				"RightBackFoot2": {
					"rotation": {
						"0.0": {
							"vector": [0, 5, -6.25]
						},
						"0.1667": {
							"vector": [0, 0, 0]
						},
						"0.5": {
							"vector": [0, 0, 0]
						},
						"0.7083": {
							"vector": [4.65468, 8.86042, 15.36082]
						},
						"1.0": {
							"vector": [0, 5, -6.25]
						}
					}
				},
				"LeftBackLeg": {
					"rotation": {
						"0.0": {
							"vector": [7.26793, -36.59709, -8.56536]
						},
						"0.125": {
							"vector": [11.68, -23.96, -20.96]
						},
						"0.2083": {
							"vector": [12.20804, -16.06801, -25.14416]
						},
						"0.375": {
							"vector": [7.40307, 1.6147, -27.85454]
						},
						"0.5": {
							"vector": [3.66701, 17.19992, -13.07595]
						},
						"0.75": {
							"vector": [5.88719, -9.45123, -13.34354]
						},
						"1.0": {
							"vector": [7.26793, -36.59709, -8.56536]
						}
					}
				},
				"LeftBackLeg2": {
					"rotation": {
						"0.0": {
							"vector": [-0.664, -33.5901, 81.36655]
						},
						"0.125": {
							"vector": [6.42, -11.3, 91.02]
						},
						"0.2083": {
							"vector": [11.14433, 3.56694, 97.45294]
						},
						"0.5417": {
							"vector": [0, 30, 102.5]
						},
						"1.0": {
							"vector": [-0.664, -33.5901, 81.36655]
						}
					}
				},
				"LeftBackFoot1": {
					"rotation": {
						"0.0": {
							"vector": [114.97338, 28.88086, 12.645]
						},
						"0.125": {
							"vector": [75.3, -0.98, 18.59]
						},
						"0.2083": {
							"vector": [69.94907, -12.33449, 20.76992]
						},
						"0.3333": {
							"vector": [64.42098, -18.15391, 18.47398]
						},
						"0.4167": {
							"vector": [59.01292, -10.06876, 7.72368]
						},
						"0.5": {
							"vector": [59.47398, -3.62119, 3.86274]
						},
						"0.5417": {
							"vector": [64.62746, -26.65771, 2.09096]
						},
						"0.7083": {
							"vector": [76.42013, -1.77808, 7.40275]
						},
						"1.0": {
							"vector": [114.97338, 28.88086, 12.645]
						}
					}
				},
				"LeftBackFoot2": {
					"rotation": {
						"0.0": {
							"vector": [103.05786, 44.12682, 15.12041]
						},
						"0.125": {
							"vector": [66.15, 14.38, -2.36]
						},
						"0.2083": {
							"vector": [28.07737, 17.8266, -6.02886]
						},
						"0.4583": {
							"vector": [28.29293, -9.54822, 7.41809]
						},
						"1.0": {
							"vector": [103.05786, 44.12682, 15.12041]
						}
					}
				},
				"Tail": {
					"rotation": {
						"vector": [11.07, 0, 0]
					}
				},
				"Tail2": {
					"rotation": {
						"vector": [30, 0, 0]
					}
				},
				"Tail3": {
					"rotation": {
						"vector": [20, 0, 0]
					}
				}
			}
		}
	},
	"geckolib_format_version": 2
}