{
  "parent": "cold_sweat:get_soul_lamp",
  "display": {
    "icon": {
      "item": "cold_sweat:soulspring_lamp"
    },
    "title": {
      "translate": "advancements.cold_sweat.soul_lamp_fuel.title"
    },
    "description": {
      "translate": "advancements.cold_sweat.soul_lamp_fuel.description"
    },
    "frame": "task",
    "show_toast": true,
    "announce_to_chat": true,
    "hidden": false
  },
  "criteria": {
    "requirement": {
      "trigger": "cold_sweat:soulspring_lamp_fuelled",
      "conditions": {}
    }
  }
}
