{
  "parent": "cold_sweat:extreme_temps",
  "display": {
    "icon": {
      "item": "minecraft:campfire"
    },
    "title": {
        "translate": "advancements.cold_sweat.huddle_close.title"
    },
    "description": {
        "translate": "advancements.cold_sweat.huddle_close.description"
    },
    "frame": "task",
    "show_toast": true,
    "announce_to_chat": true,
    "hidden": false
  },
  "criteria": {
    "requirement": {
      "trigger": "cold_sweat:block_affects_temperature",
      "conditions": {
        "total_effect": 0.1,
        "blocks": {},
        "temperature": [
          {
            "type": "world",
            "range":
            {
              "below": "min_habitable"
            }
          }
        ]
      }
    }
  }
}
