{
  "parent": "cold_sweat:huddle_close",
  "display": {
    "icon": {
      "item": "minecraft:lava_bucket"
    },
    "title": {
        "translate": "advancements.cold_sweat.lava_sea.title"
    },
    "description": {
        "translate": "advancements.cold_sweat.lava_sea.description"
    },
    "frame": "challenge",
    "show_toast": true,
    "announce_to_chat": true,
    "hidden": false
  },
  "criteria": {
    "near_lava": {
      "trigger": "cold_sweat:block_affects_temperature",
      "conditions": {
        "player": [
          {
            "condition": "minecraft:entity_properties",
            "entity": "this",
            "predicate": {
              "location": {
                "dimension": "minecraft:the_nether"
              }
            }
          }
        ],
        "total_effect": 6,
        "blocks": {
          "blocks": [
            "minecraft:lava"
          ]
        }
      }
    }
  }
}
