{
  "parent": "minecraft:recipes/root",
  "criteria": {
    "has_item": {
      "trigger": "minecraft:inventory_changed",
      "conditions": {
        "items": [
          {
            "item": "cold_sweat:fur"
          }
        ]
      }
    },
    "has_helm_recipe": {
      "trigger": "minecraft:recipe_unlocked",
      "conditions": {
        "recipe": "cold_sweat:fur_cap"
      }
    },
    "has_chest_recipe": {
      "trigger": "minecraft:recipe_unlocked",
      "conditions": {
        "recipe": "cold_sweat:fur_parka"
      }
    },
    "has_legs_recipe": {
      "trigger": "minecraft:recipe_unlocked",
      "conditions": {
        "recipe": "cold_sweat:fur_pants"
      }
    },
    "has_boots_recipe": {
      "trigger": "minecraft:recipe_unlocked",
      "conditions": {
        "recipe": "cold_sweat:fur_boots"
      }
    }
  },
  "requirements": [
    [
      "has_item",
      "has_helm_recipe",
      "has_chest_recipe",
      "has_legs_recipe",
      "has_boots_recipe"
    ]
  ],
  "rewards": {
    "recipes": [
      "cold_sweat:fur_cap",
      "cold_sweat:fur_parka",
      "cold_sweat:fur_pants",
      "cold_sweat:fur_boots"
    ]
  }
}