{
  "parent": "cold_sweat:huddle_close",
  "display": {
    "icon": {
      "item": "minecraft:flint_and_steel"
    },
    "title": {
      "translate": "advancements.cold_sweat.last_resort.title"
    },
    "description": {
      "translate": "advancements.cold_sweat.last_resort.description"
    },
    "frame": "challenge",
    "show_toast": true,
    "announce_to_chat": true,
    "hidden": true
  },
  "criteria": {
    "freezing_on_fire":
    {
      "trigger": "cold_sweat:temperature",
      "conditions": {
        "temperature": [
          {
            "type": "world",
            "range":
            {
              "below": "min_habitable"
            }
          }
        ],
        "player": [
          {
            "condition": "minecraft:entity_properties",
            "entity": "this",
            "predicate": {
              "flags": {
                "is_on_fire": true
              }
            }
          }
        ]
      }
    }
  }
}
