{
  "parent": "cold_sweat:root",
  "display": {
    "icon": {
      "item": "cold_sweat:chameleon_molt"
    },
    "title": {
        "translate": "advancements.cold_sweat.tame_chameleon.title"
    },
    "description": {
        "translate": "advancements.cold_sweat.tame_chameleon.description"
    },
    "frame": "task",
    "show_toast": true,
    "announce_to_chat": true,
    "hidden": false
  },
  "criteria": {
    "requirement": {
      "trigger": "minecraft:thrown_item_picked_up_by_entity",
      "conditions": {
        "entity": [
          {
            "condition": "minecraft:entity_properties",
            "entity": "this",
            "predicate": {
              "type": "cold_sweat:chameleon"
            }
          }
        ]
      }
    }
  }
}
