{
  "parent": "cold_sweat:extreme_temps",
  "display": {
    "icon": {
      "item": "cold_sweat:hearth"
    },
    "title": {
        "translate": "advancements.cold_sweat.place_hearth.title"
    },
    "description": {
        "translate": "advancements.cold_sweat.place_hearth.description"
    },
    "frame": "task",
    "show_toast": true,
    "announce_to_chat": true,
    "hidden": false
  },
  "criteria": {
    "has_insulation": {
      "trigger": "minecraft:effects_changed",
      "conditions": {
        "effects": {
          "cold_sweat:insulated": {}
        }
      }
    },
    "placed_hearth": {
      "trigger": "minecraft:placed_block",
      "conditions": {
        "block": "cold_sweat:hearth_bottom"
      }
    }
  },
  "requirements": [
    [ "placed_hearth" ],
    [ "has_insulation" ]
  ]
}
