{
	"credit": "Made with Blockbench",
	"textures": {
		"0": "irradiated:items/nuka_cola_quantum",
		"particle": "irradiated:items/nuka_cola_quantum"
	},
	"elements": [
		{
			"from": [6.5, 0, 6.5],
			"to": [9.5, 7, 9.5],
			"rotation": {"angle": 0, "axis": "y", "origin": [7, 0, 7]},
			"faces": {
				"north": {"uv": [4, 0, 7, 7], "texture": "#0"},
				"east": {"uv": [7, 0, 10, 7], "texture": "#0"},
				"south": {"uv": [10, 0, 13, 7], "texture": "#0"},
				"west": {"uv": [13, 0, 16, 7], "texture": "#0"},
				"up": {"uv": [0, 0, 3, 3], "texture": "#0"},
				"down": {"uv": [0, 3, 3, 6], "texture": "#0"}
			}
		},
		{
			"from": [7, 7, 7],
			"to": [9, 10, 9],
			"rotation": {"angle": 0, "axis": "y", "origin": [7, 6, 7]},
			"faces": {
				"north": {"uv": [2, 8, 4, 11], "texture": "#0"},
				"east": {"uv": [4, 8, 6, 11], "texture": "#0"},
				"south": {"uv": [6, 8, 8, 11], "texture": "#0"},
				"west": {"uv": [8, 8, 10, 11], "texture": "#0"},
				"up": {"uv": [0, 7, 2, 9], "texture": "#0"}
			}
		},
		{
			"from": [7.5, 0, 5.5],
			"to": [8.5, 2, 6.5],
			"rotation": {"angle": 0, "axis": "y", "origin": [7.5, 0, 4.5]},
			"faces": {
				"north": {"uv": [1, 12, 2, 14], "texture": "#0"},
				"east": {"uv": [2, 12, 3, 14], "texture": "#0"},
				"west": {"uv": [4, 12, 5, 14], "texture": "#0"},
				"up": {"uv": [0, 12, 1, 13], "texture": "#0"},
				"down": {"uv": [0, 13, 1, 14], "texture": "#0"}
			}
		},
		{
			"from": [7.5, 0, 9.5],
			"to": [8.5, 2, 10.5],
			"rotation": {"angle": 0, "axis": "y", "origin": [7.5, 0, 8.5]},
			"faces": {
				"east": {"uv": [7, 14, 8, 16], "texture": "#0"},
				"south": {"uv": [8, 14, 9, 16], "texture": "#0"},
				"west": {"uv": [9, 14, 10, 16], "texture": "#0"},
				"up": {"uv": [5, 14, 6, 15], "texture": "#0"},
				"down": {"uv": [5, 15, 6, 16], "texture": "#0"}
			}
		},
		{
			"from": [9.5, 0, 7.5],
			"to": [10.5, 2, 8.5],
			"rotation": {"angle": 0, "axis": "y", "origin": [11.5, 0, 7.5]},
			"faces": {
				"north": {"uv": [6, 12, 7, 14], "texture": "#0"},
				"east": {"uv": [7, 12, 8, 14], "texture": "#0"},
				"south": {"uv": [8, 12, 9, 14], "texture": "#0"},
				"up": {"uv": [5, 12, 6, 13], "rotation": 90, "texture": "#0"},
				"down": {"uv": [5, 13, 6, 14], "rotation": 270, "texture": "#0"}
			}
		},
		{
			"from": [5.5, 0, 7.5],
			"to": [6.5, 2, 8.5],
			"rotation": {"angle": 0, "axis": "y", "origin": [7.5, 0, 7.5]},
			"faces": {
				"north": {"uv": [1, 14, 2, 16], "texture": "#0"},
				"south": {"uv": [3, 14, 4, 16], "texture": "#0"},
				"west": {"uv": [4, 14, 5, 16], "texture": "#0"},
				"up": {"uv": [0, 14, 1, 15], "rotation": 90, "texture": "#0"},
				"down": {"uv": [0, 15, 1, 16], "rotation": 270, "texture": "#0"}
			}
		}
	],
	"display": {
		"thirdperson_righthand": {
			"translation": [0, 1.25, -0.25],
			"scale": [0.75, 0.75, 0.75]
		},
		"thirdperson_lefthand": {
			"translation": [0, 1.25, -0.25],
			"scale": [0.75, 0.75, 0.75]
		},
		"firstperson_righthand": {
			"translation": [0, 4, 0]
		},
		"firstperson_lefthand": {
			"translation": [0, 4, 0]
		},
		"ground": {
			"translation": [0, 3.75, 0],
			"scale": [0.75, 0.75, 0.75]
		},
		"gui": {
			"rotation": [30, 45, 0],
			"translation": [0, 3.25, 0],
			"scale": [1.25, 1.25, 1.25]
		},
		"fixed": {
			"translation": [0, 4.5, 1],
			"scale": [1.5, 1.5, 1.5]
		}
	}
}