{
	"credit": "Made with Blockbench",
	"textures": {
		"0": "irradiated:items/psycho",
		"particle": "irradiated:items/psycho"
	},
	"elements": [
		{
			"from": [7, 2, 7],
			"to": [9, 9, 9],
			"rotation": {"angle": 0, "axis": "y", "origin": [7, 2, 7]},
			"faces": {
				"north": {"uv": [8, 0, 10, 7], "texture": "#0"},
				"east": {"uv": [10, 0, 12, 7], "texture": "#0"},
				"south": {"uv": [12, 0, 14, 7], "texture": "#0"},
				"west": {"uv": [16, 0, 14, 7], "texture": "#0"},
				"up": {"uv": [6, 0, 8, 2], "texture": "#0"},
				"down": {"uv": [6, 0, 8, 2], "texture": "#0"}
			}
		},
		{
			"from": [7.5, 0, 7.5],
			"to": [8.5, 2, 8.5],
			"rotation": {"angle": 0, "axis": "y", "origin": [7, 0, 7]},
			"faces": {
				"north": {"uv": [11, 7, 12, 9], "texture": "#0"},
				"east": {"uv": [12, 7, 13, 9], "texture": "#0"},
				"south": {"uv": [13, 7, 14, 9], "texture": "#0"},
				"west": {"uv": [14, 7, 15, 9], "texture": "#0"},
				"down": {"uv": [15, 8, 16, 9], "texture": "#0"}
			}
		},
		{
			"from": [7.5, 9, 7.5],
			"to": [8.5, 10, 8.5],
			"rotation": {"angle": 0, "axis": "y", "origin": [7, 9, 7]},
			"faces": {
				"north": {"uv": [11, 8, 12, 9], "texture": "#0"},
				"east": {"uv": [12, 8, 13, 9], "texture": "#0"},
				"south": {"uv": [13, 8, 14, 9], "texture": "#0"},
				"west": {"uv": [14, 8, 15, 9], "texture": "#0"}
			}
		},
		{
			"from": [7, 10, 7.5],
			"to": [9, 11, 8.5],
			"rotation": {"angle": 0, "axis": "y", "origin": [7, 10, 7]},
			"faces": {
				"north": {"uv": [12, 10, 14, 11], "texture": "#0"},
				"east": {"uv": [15, 11, 16, 12], "texture": "#0"},
				"south": {"uv": [14, 9, 16, 10], "texture": "#0"},
				"west": {"uv": [15, 10, 16, 11], "texture": "#0"},
				"up": {"uv": [12, 9, 14, 10], "texture": "#0"},
				"down": {"uv": [12, 11, 14, 12], "texture": "#0"}
			}
		},
		{
			"from": [5, 3, 7],
			"to": [7, 8, 9],
			"rotation": {"angle": 0, "axis": "y", "origin": [5, 3, 7]},
			"faces": {
				"north": {"uv": [0, 11, 2, 16], "texture": "#0"},
				"south": {"uv": [2, 11, 4, 16], "texture": "#0"},
				"west": {"uv": [4, 11, 6, 16], "texture": "#0"},
				"up": {"uv": [2, 9, 4, 11], "texture": "#0"},
				"down": {"uv": [0, 9, 2, 11], "texture": "#0"}
			}
		},
		{
			"from": [9, 3, 7.5],
			"to": [10, 7, 8.5],
			"rotation": {"angle": 0, "axis": "y", "origin": [9, 3, 7]},
			"faces": {
				"north": {"uv": [13, 12, 14, 16], "texture": "#0"},
				"east": {"uv": [14, 12, 15, 16], "texture": "#0"},
				"south": {"uv": [15, 12, 16, 16], "texture": "#0"},
				"up": {"uv": [12, 12, 13, 13], "texture": "#0"},
				"down": {"uv": [12, 13, 13, 14], "texture": "#0"}
			}
		}
	],
	"display": {
		"thirdperson_righthand": {
			"translation": [0.5, 0.25, 0],
			"scale": [0.85, 0.85, 0.8]
		},
		"thirdperson_lefthand": {
			"rotation": [0, 180, 0],
			"translation": [0.5, 0.25, 0],
			"scale": [0.85, 0.85, 0.85]
		},
		"firstperson_righthand": {
			"translation": [2.25, 2.75, 0]
		},
		"firstperson_lefthand": {
			"translation": [2.25, 2.75, 0]
		},
		"ground": {
			"rotation": [90, 0, 0],
			"translation": [0, -2, 1.25],
			"scale": [0.75, 0.75, 0.75]
		},
		"gui": {
			"rotation": [40, -45, 0],
			"translation": [0.25, 2.25, 0],
			"scale": [1.25, 1.25, 1.25]
		},
		"head": {
			"translation": [0, 14.25, 0]
		},
		"fixed": {
			"translation": [0, 2.5, 0]
		}
	}
}