{
	"credit": "Made with Blockbench",
	"texture_size": [32, 32],
	"textures": {
		"0": "irradiated:items/radaway",
		"particle": "irradiated:items/radaway"
	},
	"elements": [
		{
			"from": [4.5, 0, 4],
			"to": [11.5, 2, 13],
			"rotation": {"angle": 0, "axis": "y", "origin": [6.5, 0, 7]},
			"faces": {
				"north": {"uv": [7, 6.5, 10.5, 7.5], "texture": "#0"},
				"east": {"uv": [7, 4.5, 11.5, 5.5], "texture": "#0"},
				"south": {"uv": [7, 7.5, 10.5, 8.5], "texture": "#0"},
				"west": {"uv": [7, 5.5, 11.5, 6.5], "texture": "#0"},
				"up": {"uv": [3.5, 9, 0, 4.5], "texture": "#0"},
				"down": {"uv": [7, 4.5, 3.5, 9], "texture": "#0"}
			}
		},
		{
			"from": [4.3, -0.2, 3.8],
			"to": [11.7, 2.2, 13.2],
			"rotation": {"angle": 0, "axis": "y", "origin": [6.5, 0, 7]},
			"faces": {
				"north": {"uv": [7, 2, 10.5, 3], "texture": "#0"},
				"east": {"uv": [7, 0, 11.5, 1], "texture": "#0"},
				"south": {"uv": [7, 3, 10.5, 4], "texture": "#0"},
				"west": {"uv": [7, 1, 11.5, 2], "texture": "#0"},
				"up": {"uv": [3.5, 4.5, 0, 0], "texture": "#0"},
				"down": {"uv": [7, 0, 3.5, 4.5], "texture": "#0"}
			}
		},
		{
			"from": [9.5, 0.5, 2],
			"to": [10.5, 1.5, 4],
			"rotation": {"angle": 0, "axis": "y", "origin": [9.5, 0.5, 3]},
			"faces": {
				"north": {"uv": [0, 11, 0.5, 11.5], "texture": "#0"},
				"east": {"uv": [0, 10.5, 1, 11], "texture": "#0"},
				"south": {"uv": [0.5, 11, 1, 11.5], "texture": "#0"},
				"west": {"uv": [0, 10, 1, 10.5], "texture": "#0"},
				"up": {"uv": [0.5, 10, 0, 9], "texture": "#0"},
				"down": {"uv": [1, 9, 0.5, 10], "texture": "#0"}
			}
		},
		{
			"from": [7.5, 0.5, 2.5],
			"to": [8.5, 1.5, 4.5],
			"rotation": {"angle": 0, "axis": "y", "origin": [7.5, 0.5, 3.5]},
			"faces": {
				"north": {"uv": [0, 11, 0.5, 11.5], "texture": "#0"},
				"east": {"uv": [0, 10.5, 1, 11], "texture": "#0"},
				"south": {"uv": [0.5, 11, 1, 11.5], "texture": "#0"},
				"west": {"uv": [0, 10, 1, 10.5], "texture": "#0"},
				"up": {"uv": [0.5, 10, 0, 9], "texture": "#0"},
				"down": {"uv": [1, 9, 0.5, 10], "texture": "#0"}
			}
		}
	],
	"display": {
		"thirdperson_righthand": {
			"rotation": [67, 45, 0],
			"translation": [-0.25, 1.75, 4.25],
			"scale": [0.5, 0.5, 0.5]
		},
		"thirdperson_lefthand": {
			"rotation": [67, 45, 0],
			"translation": [-0.25, 1.75, 4.25],
			"scale": [0.5, 0.5, 0.5]
		},
		"firstperson_righthand": {
			"rotation": [90, 0, 0],
			"translation": [-0.5, 1.75, 6.75],
			"scale": [0.75, 0.75, 0.75]
		},
		"firstperson_lefthand": {
			"rotation": [90, 0, 0],
			"translation": [-0.5, 1.75, 6.75],
			"scale": [0.75, 0.75, 0.75]
		},
		"ground": {
			"translation": [0, 3, 0],
			"scale": [0.6, 0.6, 0.6]
		},
		"gui": {
			"rotation": [30, -45, 0],
			"translation": [0, 5.5, 0]
		},
		"head": {
			"rotation": [-90, 0, 0],
			"translation": [0, -1, -19.25],
			"scale": [2, 2, 2]
		},
		"fixed": {
			"rotation": [-90, 0, 0],
			"translation": [0, 0, -7]
		}
	}
}