{
  "parent": "item/generated",
  "textures":
  {
    "layer0": "cold_sweat:items/thermometer/thermometer",
    "layer1": "cold_sweat:items/thermometer/thermometer_level_0",
    "layer2": "cold_sweat:items/thermometer/thermometer_frozen_3"
  },
  "overrides":
  [
    { "predicate": { "cold_sweat:temperature": -999.0 },"model": "cold_sweat:item/thermometer" },
    { "predicate": { "cold_sweat:temperature": -1.0 },  "model": "cold_sweat:item/thermometer/thermometer_-3" },
    { "predicate": { "cold_sweat:temperature": -0.75 }, "model": "cold_sweat:item/thermometer/thermometer_-2" },
    { "predicate": { "cold_sweat:temperature": -0.5 },  "model": "cold_sweat:item/thermometer/thermometer_-1" },
    { "predicate": { "cold_sweat:temperature": -0.25 }, "model": "cold_sweat:item/thermometer/thermometer_0" },
    { "predicate": { "cold_sweat:temperature": 0.25 },  "model": "cold_sweat:item/thermometer/thermometer_1" },
    { "predicate": { "cold_sweat:temperature": 0.5 },   "model": "cold_sweat:item/thermometer/thermometer_2" },
    { "predicate": { "cold_sweat:temperature": 0.75 },  "model": "cold_sweat:item/thermometer/thermometer_3" },
    { "predicate": { "cold_sweat:temperature": 1.0 },   "model": "cold_sweat:item/thermometer/thermometer_4" }
  ]
}