{
  "required": true,
  "compatibilityLevel": "JAVA_8",
  "package": "com.momosoftworks.irradiated.mixin",
  "minVersion": "0.8",
  "client": [
    "MixinChatClicked",
    "MixinEffectsScreen",
    "MixinGoatModel",
    "MixinHeartRender",
    "MixinHumanoidModel",
    "MixinInventoryOpenClient",
    "MixinLlamaDecorLayer",
    "MixinLlamaRender$ChangeTexture",
    "MixinLlamaRender$RemapModel",
    "MixinMultiplayerHack",
    "MixinWorldRender",
    "MixinXPBar",
    "MixinXPBar$MixinItemLabel"
  ],
  "mixins": [
    "ItemSwapMixin",
    "MixinBlockUpdate",
    "MixinCampfire",
    "MixinEntityRiding",
    "MixinInventoryOpenServer",
    "MixinLlamaInteract",
    "MixinMinecart",
    "MixinTriggerBounds$MixinFloatBound"
  ],
  "injectors": {
    "defaultRequire": 1
  },
  "refmap": "irradiated.mixin-refmap.json"
}
